Wavenumber,Intensity
3999.706,3.172266
4001.634,3.168778
4003.563,3.167384
4005.491,3.167976
4007.42,3.170358
4009.348,3.173763
4011.277,3.171758
4013.205,3.166162
4015.134,3.166015
4017.062,3.173695
4018.991,3.176465
4020.919,3.177763
4022.848,3.180144
4024.776,3.181409
4026.705,3.1797
4028.633,3.180476
4030.562,3.178532
4032.49,3.18193
4034.419,3.178196
4036.347,3.17474
4038.276,3.17551
4040.204,3.181103
4042.133,3.184167
4044.061,3.18529
4045.99,3.180701
4047.918,3.176561
4049.847,3.178424
4051.775,3.177927
4053.704,3.174838
4055.632,3.174382
4057.561,3.174205
4059.489,3.171335
4061.418,3.174228
4063.346,3.180547
4065.275,3.180727
4067.203,3.1773
4069.132,3.180005
4071.06,3.185243
4072.989,3.187786
4074.917,3.188811
4076.846,3.194175
4078.774,3.200381
4080.703,3.202176
4082.631,3.201303
4084.56,3.19948
4086.488,3.200717
4088.417,3.203874
4090.345,3.204746
4092.274,3.206756
4094.202,3.207597
4096.131,3.206205
4098.059,3.208794
4099.988,3.211407
4101.916,3.214605
4103.845,3.214719
4105.773,3.211554
4107.702,3.208425
4109.63,3.208574
4111.559,3.209298
4113.487,3.208448
4115.416,3.209594
4117.344,3.210994
4119.273,3.209139
4121.201,3.211399
4123.13,3.210392
4125.058,3.207088
4126.987,3.211747
4128.915,3.213581
4130.844,3.214663
4132.772,3.217877
4134.701,3.218461
4136.629,3.216542
4138.558,3.216142
4140.486,3.216675
4142.415,3.216794
4144.343,3.215075
4146.271,3.212588
4148.2,3.216205
4150.129,3.219097
4152.057,3.218919
4153.986,3.21714
4155.914,3.22113
4157.843,3.223584
4159.771,3.218952
4161.7,3.214128
4163.628,3.216079
4165.557,3.221906
4167.485,3.223151
4169.414,3.223795
4171.342,3.224512
4173.271,3.226621
4175.199,3.228819
4177.127,3.234573
4179.056,3.235945
4180.985,3.235602
4182.913,3.237802
4184.842,3.240855
4186.77,3.244687
4188.699,3.245613
4190.627,3.246814
4192.556,3.247739
4194.484,3.250525
4196.413,3.251643
4198.341,3.250584
4200.27,3.253603
4202.198,3.255959
4204.126,3.256924
4206.055,3.256177
4207.983,3.259698
4209.912,3.263993
4211.841,3.265367
4213.769,3.265924
4215.698,3.267864
4217.626,3.271221
4219.555,3.27226
4221.483,3.272837
4223.412,3.273331
4225.34,3.275086
4227.269,3.274244
4229.197,3.274188
4231.125,3.275587
4233.054,3.275198
4234.982,3.277608
4236.911,3.28411
4238.84,3.282187
4240.768,3.280348
4242.697,3.282218
4244.625,3.277974
4246.554,3.277519
4248.482,3.282888
4250.411,3.283837
4252.339,3.285839
4254.268,3.290454
4256.196,3.292216
4258.125,3.295077
4260.053,3.298309
4261.981,3.299407
4263.91,3.301583
4265.838,3.301393
4267.767,3.302111
4269.696,3.304993
4271.624,3.307632
4273.553,3.309555
4275.481,3.30876
4277.41,3.309258
4279.338,3.309475
4281.267,3.311786
4283.195,3.313643
4285.124,3.312245
4287.052,3.312486
4288.98,3.314917
4290.909,3.316443
4292.837,3.317242
4294.766,3.317442
4296.694,3.317103
4298.623,3.313854
4300.552,3.311133
4302.48,3.312232
4304.409,3.313774
4306.337,3.312403
4308.266,3.310673
4310.194,3.308992
4312.123,3.30885
4314.051,3.308738
4315.979,3.308545
4317.908,3.306944
4319.836,3.305939
4321.765,3.305411
4323.693,3.306129
4325.622,3.311254
4327.551,3.311102
4329.479,3.309428
4331.408,3.309093
4333.336,3.312075
4335.265,3.312775
4337.193,3.313854
4339.122,3.31961
4341.05,3.324348
4342.979,3.326702
4344.907,3.327888
4346.835,3.327119
4348.764,3.331238
4350.692,3.338424
4352.621,3.344413
4354.549,3.343179
4356.478,3.340572
4358.407,3.341018
4360.335,3.343798
4362.264,3.344545
4364.192,3.342936
4366.121,3.342073
4368.049,3.341845
4369.978,3.341081
4371.906,3.34272
4373.834,3.344489
4375.763,3.342453
4377.691,3.338629
4379.62,3.336861
4381.548,3.336917
4383.477,3.335325
4385.405,3.331692
4387.334,3.328306
4389.263,3.326266
4391.191,3.324021
4393.12,3.327525
4395.048,3.326892
4396.977,3.3284
4398.905,3.331095
4400.833,3.335411
4402.762,3.342309
4404.69,3.343153
4406.619,3.344583
4408.547,3.348177
4410.476,3.353321
4412.404,3.358095
4414.333,3.361035
4416.262,3.364012
4418.19,3.370221
4420.119,3.37728
4422.047,3.385646
4423.976,3.396672
4425.904,3.413112
4427.833,3.431831
4429.761,3.449375
4431.689,3.468118
4433.618,3.495409
4435.546,3.526482
4437.475,3.560327
4439.403,3.594874
4441.332,3.62619
4443.26,3.664323
4445.189,3.703278
4447.117,3.736396
4449.046,3.77131
4450.975,3.807622
4452.903,3.841654
4454.832,3.870488
4456.76,3.902976
4458.688,3.93545
4460.617,3.962798
4462.545,3.988862
4464.474,4.01238
4466.402,4.034348
4468.331,4.057515
4470.259,4.078358
4472.188,4.096223
4474.116,4.113807
4476.045,4.136728
4477.974,4.153751
4479.902,4.168258
4481.831,4.182002
4483.759,4.193119
4485.688,4.20229
4487.616,4.209679
4489.544,4.219784
4491.473,4.233011
4493.401,4.239475
4495.33,4.246398
4497.258,4.253105
4499.187,4.260822
4501.115,4.269688
4503.044,4.274951
4504.972,4.279873
4506.901,4.284643
4508.83,4.29045
4510.758,4.30317
4512.687,4.314208
4514.615,4.322014
4516.543,4.328085
4518.472,4.337768
4520.4,4.351092
4522.329,4.360912
4524.257,4.366995
4526.186,4.372852
4528.114,4.383493
4530.043,4.39212
4531.971,4.396091
4533.9,4.405066
4535.828,4.414587
4537.757,4.421094
4539.686,4.427207
4541.614,4.42735
4543.542,4.427686
4545.471,4.430329
4547.399,4.43071
4549.328,4.431002
4551.256,4.429576
4553.185,4.433633
4555.113,4.436247
4557.042,4.436369
4558.97,4.437483
4560.899,4.440955
4562.827,4.447523
4564.756,4.452744
4566.685,4.458991
4568.613,4.466935
4570.542,4.478137
4572.47,4.49353
4574.398,4.508569
4576.327,4.524899
4578.255,4.540977
4580.184,4.558391
4582.112,4.586439
4584.041,4.611817
4585.969,4.637831
4587.898,4.665989
4589.826,4.695246
4591.755,4.725035
4593.683,4.756908
4595.612,4.786714
4597.54,4.817141
4599.469,4.842702
4601.397,4.865566
4603.326,4.890352
4605.254,4.915014
4607.183,4.937081
4609.111,4.956388
4611.04,4.973629
4612.968,4.988024
4614.897,4.998739
4616.825,5.010497
4618.754,5.024249
4620.682,5.036006
4622.611,5.046362
4624.539,5.055142
4626.468,5.063838
4628.396,5.07393
4630.325,5.084744
4632.253,5.092047
4634.182,5.101377
4636.11,5.113188
4638.039,5.125549
4639.967,5.140171
4641.896,5.158692
4643.824,5.172141
4645.753,5.188398
4647.681,5.206351
4649.61,5.224234
4651.538,5.237078
4653.467,5.252954
4655.396,5.271856
4657.324,5.288033
4659.252,5.302974
4661.181,5.322428
4663.109,5.339762
4665.038,5.356559
4666.966,5.374941
4668.895,5.394844
4670.823,5.414636
4672.752,5.431058
4674.68,5.443075
4676.609,5.456069
4678.537,5.470526
4680.466,5.480908
4682.394,5.489773
4684.323,5.500318
4686.251,5.508258
4688.18,5.514323
4690.108,5.520638
4692.037,5.524014
4693.965,5.527864
4695.894,5.536312
4697.822,5.54101
4699.751,5.548105
4701.679,5.554423
4703.608,5.558147
4705.536,5.562828
4707.465,5.56673
4709.393,5.571529
4711.322,5.579108
4713.25,5.584279
4715.179,5.587388
4717.107,5.5873
4719.036,5.587303
4720.964,5.588211
4722.893,5.586007
4724.821,5.589275
4726.75,5.591372
4728.678,5.590318
4730.606,5.59285
4732.535,5.596965
4734.464,5.598159
4736.392,5.602191
4738.321,5.610758
4740.249,5.616003
4742.178,5.617178
4744.106,5.618769
4746.035,5.61883
4747.963,5.614902
4749.892,5.61357
4751.82,5.608791
4753.749,5.601882
4755.677,5.594442
4757.605,5.588033
4759.534,5.581708
4761.463,5.573259
4763.391,5.565533
4765.32,5.558501
4767.248,5.552248
4769.177,5.546508
4771.105,5.539849
4773.034,5.530447
4774.962,5.521323
4776.891,5.51176
4778.819,5.503374
4780.748,5.495505
4782.676,5.488293
4784.604,5.484759
4786.533,5.479102
4788.462,5.470796
4790.39,5.465926
4792.319,5.465408
4794.247,5.464921
4796.176,5.464941
4798.104,5.464689
4800.033,5.469442
4801.961,5.47113
4803.89,5.468797
4805.818,5.470422
4807.747,5.472527
4809.675,5.473203
4811.604,5.473928
4813.532,5.475754
4815.46,5.474255
4817.389,5.473679
4819.317,5.477526
4821.246,5.483576
4823.175,5.4863
4825.103,5.487999
4827.032,5.494949
4828.96,5.497763
4830.889,5.496421
4832.817,5.499735
4834.746,5.500014
4836.674,5.496562
4838.603,5.492334
4840.531,5.486641
4842.459,5.483115
4844.388,5.479922
4846.316,5.479533
4848.245,5.47907
4850.174,5.478099
4852.102,5.481535
4854.031,5.48754
4855.959,5.491283
4857.888,5.495186
4859.816,5.500332
4861.745,5.506895
4863.673,5.515304
4865.602,5.524331
4867.53,5.528047
4869.458,5.535149
4871.387,5.545849
4873.315,5.550723
4875.244,5.556974
4877.172,5.564104
4879.101,5.569664
4881.03,5.572384
4882.958,5.576231
4884.887,5.577591
4886.815,5.580499
4888.744,5.586141
4890.672,5.590599
4892.601,5.592161
4894.529,5.596505
4896.458,5.597945
4898.386,5.597641
4900.314,5.596701
4902.243,5.592984
4904.171,5.591145
4906.1,5.588499
4908.028,5.583898
4909.957,5.580458
4911.886,5.573692
4913.814,5.568765
4915.743,5.566114
4917.671,5.563125
4919.6,5.560291
4921.528,5.558841
4923.457,5.558898
4925.385,5.559627
4927.313,5.560968
4929.242,5.556303
4931.17,5.551459
4933.099,5.548288
4935.027,5.546155
4936.956,5.541219
4938.885,5.536625
4940.813,5.534478
4942.742,5.529145
4944.67,5.52214
4946.599,5.5181
4948.527,5.510765
4950.456,5.505167
4952.384,5.499098
4954.313,5.491556
4956.241,5.481128
4958.169,5.473867
4960.098,5.46108
4962.026,5.451068
4963.955,5.447339
4965.883,5.441648
4967.812,5.432535
4969.74,5.428669
4971.669,5.428595
4973.598,5.425038
4975.526,5.418674
4977.455,5.411901
4979.383,5.405008
4981.312,5.400101
4983.24,5.394258
4985.168,5.386317
4987.097,5.379215
4989.025,5.371878
4990.954,5.365325
4992.882,5.35648
4994.811,5.346318
4996.739,5.336136
4998.668,5.326841
5000.597,5.315254
5002.525,5.30021
5004.454,5.284061
5006.382,5.269223
5008.311,5.256575
5010.239,5.245524
5012.167,5.23092
5014.096,5.216296
5016.024,5.198456
5017.953,5.182228
5019.881,5.169055
5021.81,5.150912
5023.738,5.131158
5025.667,5.111643
5027.596,5.094495
5029.524,5.081338
5031.452,5.069715
5033.381,5.059098
5035.31,5.046795
5037.238,5.03711
5039.167,5.027355
5041.095,5.017257
5043.023,5.007235
5044.952,5.001452
5046.88,4.997632
5048.809,4.99351
5050.737,4.988579
5052.666,4.985963
5054.595,4.98589
5056.523,4.982144
5058.451,4.982147
5060.38,4.983794
5062.309,4.982259
5064.237,4.980811
5066.166,4.981529
5068.094,4.983761
5070.022,4.986526
5071.951,4.987882
5073.879,4.99142
5075.808,4.998081
5077.736,5.005267
5079.665,5.009434
5081.593,5.015633
5083.522,5.026239
5085.45,5.033944
5087.379,5.035565
5089.308,5.042992
5091.236,5.046712
5093.165,5.04847
5095.093,5.054157
5097.021,5.058581
5098.95,5.062535
5100.878,5.064711
5102.807,5.068746
5104.735,5.074672
5106.664,5.08122
5108.592,5.086147
5110.521,5.091088
5112.449,5.098092
5114.378,5.104589
5116.307,5.1086
5118.235,5.113784
5120.163,5.116195
5122.092,5.11614
5124.021,5.118329
5125.949,5.119663
5127.877,5.120556
5129.806,5.120291
5131.734,5.118561
5133.663,5.112406
5135.591,5.109649
5137.52,5.108856
5139.448,5.110072
5141.377,5.109365
5143.305,5.109476
5145.234,5.110707
5147.162,5.115454
5149.091,5.11495
5151.02,5.116242
5152.948,5.119578
5154.876,5.124725
5156.805,5.126204
5158.733,5.123776
5160.662,5.123572
5162.59,5.126151
5164.519,5.122031
5166.447,5.119715
5168.376,5.122579
5170.304,5.124572
5172.233,5.123703
5174.161,5.12684
5176.09,5.128132
5178.019,5.131855
5179.947,5.135737
5181.875,5.13816
5183.804,5.142287
5185.732,5.137561
5187.661,5.134984
5189.589,5.13276
5191.518,5.12759
5193.446,5.119881
5195.375,5.116326
5197.303,5.108338
5199.232,5.090341
5201.16,5.079319
5203.089,5.074892
5205.018,5.076021
5206.946,5.061367
5208.874,5.042213
5210.803,5.024951
5212.731,5.019449
5214.66,5.020201
5216.588,5.024449
5218.517,5.021786
5220.445,5.02337
5222.374,5.03676
5224.302,5.048457
5226.231,5.045034
5228.159,5.047261
5230.088,5.059601
5232.016,5.065116
5233.945,5.067935
5235.873,5.073809
5237.802,5.078962
5239.73,5.077462
5241.659,5.085582
5243.587,5.095951
5245.516,5.095077
5247.444,5.090683
5249.373,5.075062
5251.301,5.073717
5253.229,5.078055
5255.158,5.066394
5257.087,5.051535
5259.015,5.049728
5260.944,5.05093
5262.872,5.049401
5264.801,5.038887
5266.729,5.031171
5268.658,5.028067
5270.586,5.018781
5272.515,5.011813
5274.443,5.007281
5276.372,5.003354
5278.3,5.006277
5280.229,5.007989
5282.157,5.003063
5284.086,5.004474
5286.014,5.004347
5287.943,5.009434
5289.871,5.014474
5291.8,5.01108
5293.729,5.01263
5295.657,5.015246
5297.585,5.02094
5299.514,5.025914
5301.442,5.028439
5303.371,5.02828
5305.299,5.034349
5307.228,5.038777
5309.156,5.03444
5311.085,5.034825
5313.013,5.038267
5314.941,5.043626
5316.87,5.045902
5318.799,5.046506
5320.727,5.048194
5322.656,5.050735
5324.584,5.058155
5326.513,5.064359
5328.441,5.057661
5330.37,5.06089
5332.298,5.060667
5334.227,5.059844
5336.155,5.079211
5338.084,5.086003
5340.012,5.074883
5341.94,5.084514
5343.869,5.102409
5345.798,5.101943
5347.726,5.102445
5349.655,5.103757
5351.583,5.118642
5353.512,5.124631
5355.44,5.116649
5357.369,5.113482
5359.297,5.116401
5361.226,5.119379
5363.154,5.115344
5365.083,5.100581
5367.011,5.089447
5368.939,5.073637
5370.868,5.060576
5372.797,5.053723
5374.725,5.044333
5376.654,5.018644
5378.582,4.989411
5380.511,4.970576
5382.439,4.956968
5384.368,4.945572
5386.296,4.920852
5388.225,4.900128
5390.153,4.887013
5392.082,4.878379
5394.01,4.86673
5395.938,4.849978
5397.867,4.828341
5399.796,4.809532
5401.724,4.796877
5403.652,4.777029
5405.581,4.757487
5407.51,4.744509
5409.438,4.73044
5411.367,4.706307
5413.295,4.680088
5415.224,4.641268
5417.152,4.610471
5419.081,4.583089
5421.009,4.567169
5422.938,4.548451
5424.866,4.531509
5426.795,4.525182
5428.723,4.511087
5430.651,4.48124
5432.58,4.47142
5434.509,4.4558
5436.437,4.433984
5438.366,4.426597
5440.294,4.418237
5442.223,4.395225
5444.151,4.383445
5446.08,4.3661
5448.008,4.353894
5449.937,4.336288
5451.865,4.318962
5453.793,4.308014
5455.722,4.299202
5457.65,4.28908
5459.579,4.284271
5461.508,4.27118
5463.436,4.260852
5465.365,4.254677
5467.293,4.255881
5469.222,4.247415
5471.15,4.237015
5473.079,4.239587
5475.007,4.239635
5476.936,4.228021
5478.864,4.225331
5480.792,4.222688
5482.721,4.221073
5484.649,4.220409
5486.578,4.225232
5488.507,4.224252
5490.435,4.226457
5492.363,4.231128
5494.292,4.222477
5496.221,4.220103
5498.149,4.22472
5500.078,4.225776
5502.006,4.230611
5503.935,4.234852
5505.863,4.24063
5507.792,4.244711
5509.72,4.241948
5511.648,4.241297
5513.577,4.246934
5515.505,4.254983
5517.434,4.255745
5519.362,4.255947
5521.291,4.257212
5523.22,4.258838
5525.148,4.259355
5527.077,4.260513
5529.005,4.261707
5530.934,4.267575
5532.862,4.275063
5534.791,4.280253
5536.719,4.281156
5538.647,4.279405
5540.576,4.285365
5542.504,4.292569
5544.433,4.297117
5546.361,4.302617
5548.29,4.305473
5550.219,4.308004
5552.147,4.311053
5554.076,4.313044
5556.004,4.314073
5557.933,4.316331
5559.861,4.319811
5561.79,4.324564
5563.718,4.328187
5565.646,4.330236
5567.575,4.33329
5569.503,4.334057
5571.432,4.332684
5573.36,4.335899
5575.289,4.335424
5577.218,4.336814
5579.146,4.338758
5581.074,4.337823
5583.003,4.341712
5584.932,4.347874
5586.86,4.350227
5588.789,4.35027
5590.717,4.352489
5592.646,4.349916
5594.574,4.34697
5596.502,4.344929
5598.431,4.339711
5600.359,4.330653
5602.288,4.323951
5604.216,4.315205
5606.145,4.304265
5608.073,4.291084
5610.002,4.273647
5611.931,4.255429
5613.859,4.236351
5615.788,4.222663
5617.716,4.207811
5619.645,4.188963
5621.573,4.173707
5623.501,4.160593
5625.43,4.149676
5627.358,4.141341
5629.287,4.133884
5631.215,4.121784
5633.144,4.110228
5635.072,4.096897
5637.001,4.084177
5638.93,4.070632
5640.858,4.057595
5642.786,4.042619
5644.715,4.024882
5646.644,4.016301
5648.572,4.007386
5650.5,3.999564
5652.429,3.995321
5654.357,3.991971
5656.286,3.989628
5658.214,3.985332
5660.143,3.981245
5662.071,3.978876
5664.0,3.982048
5665.929,3.982836
5667.857,3.983308
5669.785,3.985526
5671.714,3.984874
5673.643,3.986027
5675.571,3.98678
5677.5,3.986248
5679.428,3.987556
5681.356,3.984372
5683.285,3.98406
5685.213,3.98466
5687.142,3.983199
5689.07,3.983724
5690.999,3.984763
5692.927,3.981257
5694.856,3.979427
5696.784,3.979709
5698.713,3.97542
5700.642,3.970676
5702.57,3.968426
5704.499,3.967306
5706.427,3.968038
5708.355,3.968877
5710.284,3.971292
5712.212,3.969712
5714.141,3.970308
5716.069,3.968807
5717.998,3.963909
5719.926,3.959194
5721.855,3.950523
5723.783,3.942117
5725.712,3.933059
5727.641,3.920657
5729.569,3.906122
5731.497,3.888201
5733.426,3.867816
5735.354,3.847428
5737.283,3.826682
5739.211,3.804343
5741.14,3.784315
5743.068,3.766381
5744.997,3.748828
5746.925,3.732027
5748.854,3.711591
5750.782,3.694733
5752.711,3.686105
5754.639,3.680216
5756.568,3.678581
5758.496,3.675766
5760.425,3.679968
5762.354,3.683685
5764.282,3.68259
5766.21,3.683408
5768.139,3.683893
5770.067,3.68944
5771.996,3.691928
5773.924,3.690276
5775.853,3.691351
5777.781,3.688635
5779.71,3.685771
5781.638,3.682575
5783.567,3.676276
5785.495,3.671567
5787.424,3.663261
5789.353,3.658393
5791.281,3.656626
5793.209,3.654303
5795.138,3.653707
5797.066,3.65624
5798.995,3.658947
5800.923,3.658085
5802.852,3.661201
5804.78,3.670783
5806.709,3.67762
5808.637,3.682578
5810.566,3.69597
5812.494,3.709317
5814.423,3.719382
5816.352,3.729463
5818.28,3.740078
5820.208,3.743647
5822.137,3.751774
5824.065,3.760064
5825.994,3.762775
5827.922,3.76423
5829.851,3.764158
5831.779,3.762006
5833.708,3.757701
5835.636,3.751451
5837.565,3.743168
5839.493,3.736405
5841.422,3.729905
5843.35,3.72517
5845.279,3.718582
5847.207,3.710154
5849.136,3.702185
5851.064,3.696388
5852.993,3.690096
5854.921,3.682033
5856.85,3.677033
5858.778,3.680253
5860.707,3.685179
5862.635,3.690642
5864.563,3.692369
5866.492,3.704063
5868.421,3.720617
5870.349,3.739373
5872.278,3.758158
5874.206,3.780414
5876.135,3.808486
5878.063,3.835392
5879.992,3.862385
5881.92,3.889336
5883.849,3.909776
5885.777,3.918709
5887.706,3.917966
5889.634,3.914253
5891.563,3.908709
5893.491,3.908961
5895.42,3.91707
5897.348,3.918422
5899.277,3.914454
5901.205,3.90589
5903.134,3.894616
5905.063,3.881304
5906.991,3.872338
5908.919,3.875664
5910.848,3.895882
5912.776,3.942434
5914.705,4.020608
5916.633,4.123573
5918.562,4.256641
5920.49,4.42294
5922.419,4.609229
5924.347,4.809851
5926.276,5.025688
5928.204,5.24724
5930.133,5.466218
5932.061,5.681361
5933.99,5.898781
5935.918,6.109809
5937.847,6.306283
5939.775,6.496684
5941.704,6.681107
5943.632,6.855366
5945.561,7.015079
5947.489,7.166714
5949.418,7.309563
5951.346,7.442284
5953.274,7.569656
5955.203,7.689811
5957.132,7.797243
5959.06,7.905793
5960.989,8.008133
5962.917,8.098717
5964.846,8.185589
5966.774,8.272862
5968.703,8.351351
5970.631,8.430908
5972.56,8.501324
5974.488,8.567608
5976.417,8.632525
5978.345,8.694007
5980.273,8.745566
5982.202,8.797845
5984.131,8.847008
5986.059,8.892655
5987.988,8.93156
5989.916,8.971723
5991.845,9.005584
5993.773,9.038653
5995.702,9.070497
5997.63,9.099701
5999.559,9.124857
6001.487,9.150678
6003.416,9.169989
6005.344,9.192682
6007.272,9.215611
6009.201,9.241506
6011.13,9.259992
6013.058,9.277614
6014.986,9.298088
6016.915,9.320738
6018.844,9.341603
6020.772,9.35916
6022.701,9.372981
6024.629,9.395353
6026.558,9.410836
6028.486,9.427582
6030.415,9.443741
6032.343,9.459301
6034.271,9.467381
6036.2,9.47775
6038.129,9.487818
6040.057,9.494947
6041.985,9.49852
6043.914,9.506453
6045.843,9.509547
6047.771,9.514878
6049.7,9.517576
6051.628,9.519197
6053.557,9.52292
6055.485,9.528847
6057.414,9.527665
6059.342,9.524705
6061.271,9.521325
6063.199,9.526443
6065.128,9.525383
6067.056,9.525942
6068.984,9.528384
6070.913,9.526493
6072.842,9.522485
6074.77,9.523496
6076.698,9.52182
6078.627,9.517031
6080.556,9.514388
6082.484,9.515586
6084.413,9.51511
6086.341,9.515847
6088.27,9.516876
6090.198,9.517321
6092.126,9.516006
6094.055,9.519442
6095.983,9.527628
6097.912,9.534203
6099.841,9.538169
6101.769,9.54633
6103.697,9.558187
6105.626,9.570502
6107.555,9.582294
6109.483,9.593599
6111.412,9.606568
6113.34,9.623798
6115.269,9.642125
6117.197,9.657189
6119.125,9.672603
6121.054,9.697086
6122.982,9.716021
6124.911,9.738266
6126.84,9.758052
6128.768,9.785504
6130.696,9.8159
6132.625,9.843951
6134.554,9.873198
6136.482,9.907395
6138.41,9.939597
6140.339,9.976284
6142.268,10.01596
6144.196,10.06098
6146.125,10.10331
6148.053,10.1546
6149.981,10.20254
6151.91,10.25242
6153.839,10.30557
6155.767,10.35907
6157.695,10.41603
6159.624,10.47412
6161.553,10.53113
6163.481,10.59678
6165.409,10.65379
6167.338,10.71367
6169.267,10.77374
6171.195,10.83374
6173.124,10.89296
6175.052,10.95398
6176.98,11.00159
6178.909,11.0525
6180.837,11.10412
6182.766,11.15511
6184.694,11.19775
6186.623,11.23999
6188.552,11.27783
6190.48,11.31614
6192.408,11.34965
6194.337,11.38387
6196.266,11.41372
6198.194,11.43734
6200.123,11.45546
6202.051,11.47689
6203.979,11.49298
6205.908,11.50408
6207.836,11.51509
6209.765,11.52764
6211.693,11.53665
6213.622,11.54573
6215.551,11.56027
6217.479,11.58532
6219.407,11.6022
6221.336,11.61986
6223.265,11.63975
6225.193,11.65833
6227.121,11.67311
6229.05,11.69027
6230.979,11.70243
6232.907,11.71346
6234.835,11.72797
6236.764,11.74131
6238.692,11.75112
6240.621,11.76653
6242.549,11.78237
6244.478,11.79567
6246.406,11.81118
6248.335,11.83739
6250.264,11.85977
6252.192,11.87889
6254.12,11.89517
6256.049,11.92105
6257.978,11.94603
6259.906,11.97523
6261.834,11.99789
6263.763,12.02206
6265.691,12.04084
6267.62,12.06335
6269.548,12.08269
6271.477,12.10688
6273.405,12.1258
6275.334,12.13835
6277.263,12.15147
6279.191,12.17243
6281.119,12.18986
6283.048,12.2056
6284.977,12.21531
6286.905,12.22715
6288.833,12.23738
6290.762,12.24801
6292.69,12.25932
6294.619,12.26939
6296.547,12.28064
6298.476,12.29606
6300.404,12.30457
6302.333,12.31766
6304.262,12.32891
6306.19,12.33778
6308.118,12.3477
6310.047,12.36146
6311.976,12.37526
6313.904,12.39284
6315.832,12.41138
6317.761,12.43252
6319.689,12.44831
6321.618,12.47075
6323.546,12.4923
6325.475,12.50753
6327.403,12.52359
6329.332,12.54918
6331.26,12.56542
6333.189,12.58126
6335.117,12.60007
6337.046,12.61996
6338.975,12.63058
6340.903,12.64384
6342.831,12.65904
6344.76,12.67756
6346.688,12.68625
6348.617,12.69676
6350.545,12.70871
6352.474,12.72301
6354.402,12.73063
6356.331,12.73863
6358.259,12.74361
6360.188,12.74977
6362.116,12.75573
6364.045,12.76248
6365.974,12.76749
6367.902,12.77441
6369.83,12.78441
6371.759,12.7948
6373.688,12.80539
6375.616,12.81793
6377.544,12.82584
6379.473,12.8392
6381.401,12.8503
6383.33,12.86143
6385.258,12.87242
6387.187,12.88021
6389.115,12.88607
6391.044,12.90119
6392.973,12.90982
6394.901,12.91724
6396.829,12.92655
6398.758,12.93456
6400.687,12.94382
6402.615,12.95079
6404.543,12.95439
6406.472,12.96023
6408.4,12.95854
6410.329,12.96115
6412.257,12.96353
6414.186,12.96125
6416.114,12.96126
6418.043,12.96733
6419.971,12.9635
6421.9,12.95694
6423.828,12.9535
6425.757,12.95368
6427.686,12.95595
6429.614,12.95832
6431.542,12.95825
6433.471,12.95942
6435.399,12.95952
6437.328,12.95983
6439.256,12.95643
6441.185,12.96196
6443.113,12.95955
6445.042,12.95475
6446.97,12.95777
6448.898,12.95864
6450.827,12.95088
6452.756,12.94731
6454.685,12.94522
6456.613,12.94359
6458.541,12.93831
6460.47,12.9347
6462.398,12.93073
6464.327,12.9254
6466.255,12.915
6468.184,12.90706
6470.112,12.9003
6472.041,12.8948
6473.969,12.88634
6475.897,12.8802
6477.826,12.87485
6479.755,12.86835
6481.684,12.85976
6483.612,12.85503
6485.54,12.85199
6487.469,12.84807
6489.397,12.84145
6491.326,12.83842
6493.254,12.83055
6495.183,12.82387
6497.111,12.81277
6499.04,12.8052
6500.968,12.79753
6502.896,12.78928
6504.825,12.77857
6506.754,12.76556
6508.682,12.75172
6510.61,12.74109
6512.539,12.72636
6514.468,12.70958
6516.396,12.69043
6518.325,12.67446
6520.253,12.65938
6522.182,12.64574
6524.11,12.62548
6526.039,12.6116
6527.967,12.59961
6529.896,12.5768
6531.824,12.55231
6533.753,12.53174
6535.681,12.50659
6537.609,12.48567
6539.538,12.46545
6541.467,12.44344
6543.396,12.41762
6545.324,12.39596
6547.252,12.3755
6549.181,12.35266
6551.109,12.32475
6553.038,12.29826
6554.966,12.27414
6556.895,12.25093
6558.823,12.22256
6560.752,12.19339
6562.68,12.1577
6564.608,12.12453
6566.537,12.08598
6568.466,12.05159
6570.394,12.01816
6572.323,11.98555
6574.251,11.94957
6576.18,11.91487
6578.108,11.88456
6580.037,11.85404
6581.965,11.82402
6583.894,11.80301
6585.822,11.77906
6587.751,11.7574
6589.679,11.7391
6591.607,11.72358
6593.536,11.70655
6595.465,11.6849
6597.393,11.66733
6599.321,11.65181
6601.25,11.63197
6603.179,11.61354
6605.107,11.59303
6607.036,11.57689
6608.964,11.55742
6610.893,11.54127
6612.821,11.52424
6614.75,11.50036
6616.678,11.47467
6618.606,11.45938
6620.535,11.43563
6622.464,11.41227
6624.392,11.38948
6626.32,11.36334
6628.249,11.3377
6630.178,11.31246
6632.106,11.28617
6634.035,11.2599
6635.963,11.2255
6637.892,11.19156
6639.82,11.16282
6641.749,11.13323
6643.677,11.09282
6645.605,11.05421
6647.534,11.02302
6649.463,10.99047
6651.391,10.95707
6653.319,10.92533
6655.248,10.89127
6657.177,10.85681
6659.105,10.81627
6661.034,10.77897
6662.962,10.74314
6664.891,10.70674
6666.819,10.66621
6668.748,10.62603
6670.676,10.58895
6672.604,10.5487
6674.533,10.50939
6676.462,10.47617
6678.39,10.44193
6680.318,10.40909
6682.247,10.37917
6684.176,10.3463
6686.104,10.31344
6688.032,10.28226
6689.961,10.25382
6691.89,10.23175
6693.818,10.20879
6695.747,10.18719
6697.675,10.16367
6699.604,10.14543
6701.532,10.13149
6703.46,10.11924
6705.389,10.10563
6707.317,10.09772
6709.246,10.09016
6711.175,10.08152
6713.103,10.07669
6715.031,10.07044
6716.96,10.06577
6718.889,10.06687
6720.817,10.06855
6722.746,10.06448
6724.674,10.06004
6726.603,10.05749
6728.531,10.04964
6730.459,10.0485
6732.388,10.04844
6734.316,10.04302
6736.245,10.03404
6738.174,10.02465
6740.102,10.01843
6742.03,10.01128
6743.959,10.00231
6745.888,9.993179
6747.816,9.986026
6749.745,9.981175
6751.673,9.973355
6753.602,9.967918
6755.53,9.962425
6757.458,9.954829
6759.387,9.953215
6761.315,9.945885
6763.244,9.934677
6765.173,9.935095
6767.101,9.928412
6769.029,9.920902
6770.958,9.915072
6772.887,9.901855
6774.815,9.887918
6776.743,9.87878
6778.672,9.863233
6780.601,9.841445
6782.529,9.823675
6784.458,9.80755
6786.386,9.783936
6788.314,9.760816
6790.243,9.73786
6792.171,9.715549
6794.1,9.685959
6796.028,9.656959
6797.957,9.630633
6799.886,9.607932
6801.814,9.582422
6803.742,9.556768
6805.671,9.526682
6807.6,9.498767
6809.528,9.475372
6811.457,9.452562
6813.385,9.42885
6815.313,9.410541
6817.242,9.395208
6819.17,9.364896
6821.099,9.348288
6823.027,9.337407
6824.956,9.322808
6826.885,9.306429
6828.813,9.29165
6830.741,9.280263
6832.67,9.270877
6834.599,9.256701
6836.527,9.240312
6838.455,9.219795
6840.384,9.19973
6842.313,9.182556
6844.241,9.157608
6846.169,9.1364
6848.098,9.114284
6850.026,9.090837
6851.955,9.066729
6853.884,9.043593
6855.812,9.017926
6857.74,8.995775
6859.669,8.980203
6861.598,8.967323
6863.526,8.950875
6865.454,8.933021
6867.383,8.919362
6869.312,8.905992
6871.24,8.89718
6873.168,8.891341
6875.097,8.873238
6877.025,8.855662
6878.954,8.836288
6880.882,8.819018
6882.811,8.804749
6884.739,8.781121
6886.668,8.755216
6888.597,8.724473
6890.525,8.691831
6892.453,8.660582
6894.382,8.627185
6896.311,8.590833
6898.239,8.557637
6900.167,8.525781
6902.096,8.492713
6904.024,8.473033
6905.953,8.44983
6907.881,8.427042
6909.81,8.416607
6911.738,8.400464
6913.667,8.377757
6915.596,8.368288
6917.524,8.355898
6919.452,8.336947
6921.381,8.323876
6923.31,8.306625
6925.238,8.290638
6927.166,8.272318
6929.095,8.250076
6931.023,8.229032
6932.952,8.202434
6934.88,8.180178
6936.809,8.151281
6938.737,8.116397
6940.666,8.091151
6942.594,8.072003
6944.523,8.052593
6946.451,8.028687
6948.38,8.0131
6950.309,8.006813
6952.237,8.003606
6954.165,8.003701
6956.094,8.002594
6958.022,7.9963
6959.951,7.987981
6961.879,7.982071
6963.808,7.968007
6965.736,7.953367
6967.665,7.937745
6969.593,7.915484
6971.521,7.893392
6973.45,7.877014
6975.379,7.858285
6977.308,7.840696
6979.236,7.825034
6981.164,7.814729
6983.093,7.807032
6985.021,7.799599
6986.95,7.788616
6988.878,7.781149
6990.807,7.777917
6992.735,7.771824
6994.664,7.756258
6996.592,7.756233
6998.521,7.763599
7000.449,7.760398
7002.378,7.754042
7004.307,7.758586
7006.235,7.765366
7008.163,7.768033
7010.092,7.7788
7012.021,7.793845
7013.949,7.796968
7015.877,7.796185
7017.806,7.797746
7019.734,7.796376
7021.663,7.794126
7023.591,7.786646
7025.52,7.770809
7027.448,7.756069
7029.377,7.735344
7031.305,7.709071
7033.234,7.679367
7035.162,7.641849
7037.091,7.610356
7039.02,7.570578
7040.948,7.532965
7042.876,7.494056
7044.805,7.454436
7046.733,7.417189
7048.662,7.375151
7050.59,7.336108
7052.519,7.300118
7054.447,7.262973
7056.376,7.223449
7058.304,7.190011
7060.232,7.165601
7062.161,7.149232
7064.09,7.129401
7066.019,7.118428
7067.947,7.110413
7069.875,7.105097
7071.804,7.09499
7073.732,7.08988
7075.661,7.092501
7077.589,7.096364
7079.518,7.108984
7081.446,7.121509
7083.375,7.136084
7085.303,7.161969
7087.231,7.194494
7089.16,7.227699
7091.089,7.268649
7093.018,7.312836
7094.946,7.343176
7096.874,7.370447
7098.803,7.404762
7100.731,7.429121
7102.66,7.441814
7104.588,7.459028
7106.517,7.461858
7108.445,7.450056
7110.374,7.429818
7112.302,7.408032
7114.23,7.390016
7116.159,7.376128
7118.088,7.32813
7120.016,7.276919
7121.944,7.228982
7123.873,7.179321
7125.802,7.129205
7127.73,7.073736
7129.659,7.016807
7131.587,6.96101
7133.516,6.913317
7135.444,6.86365
7137.373,6.811526
7139.301,6.760911
7141.229,6.711399
7143.158,6.665107
7145.087,6.608255
7147.015,6.547578
7148.943,6.496696
7150.872,6.447633
7152.801,6.393262
7154.729,6.34797
7156.658,6.311137
7158.586,6.290399
7160.515,6.278211
7162.443,6.275113
7164.372,6.288781
7166.3,6.313594
7168.229,6.34434
7170.157,6.375796
7172.086,6.41611
7174.014,6.46542
7175.942,6.51853
7177.871,6.576111
7179.8,6.630527
7181.729,6.687898
7183.657,6.732038
7185.585,6.771817
7187.514,6.81071
7189.442,6.851895
7191.371,6.882448
7193.299,6.918161
7195.228,6.946777
7197.156,6.964097
7199.085,6.981244
7201.013,7.001916
7202.941,7.023717
7204.87,7.030395
7206.799,7.021721
7208.727,7.025961
7210.655,7.026175
7212.584,7.022861
7214.513,7.010428
7216.441,7.003073
7218.37,7.006573
7220.298,6.999686
7222.227,6.990149
7224.155,7.010471
7226.083,7.037354
7228.012,7.074028
7229.94,7.134644
7231.869,7.198832
7233.798,7.246015
7235.726,7.306213
7237.654,7.376721
7239.583,7.468857
7241.512,7.542145
7243.44,7.588379
7245.369,7.630336
7247.297,7.67035
7249.226,7.703551
7251.154,7.742514
7253.083,7.771484
7255.011,7.791503
7256.939,7.813329
7258.868,7.84488
7260.797,7.88536
7262.725,7.915372
7264.653,7.941732
7266.582,7.983642
7268.511,8.014827
7270.439,8.052702
7272.368,8.094676
7274.296,8.139946
7276.225,8.179972
7278.153,8.225772
7280.082,8.275173
7282.01,8.318402
7283.938,8.364924
7285.867,8.415299
7287.796,8.459612
7289.724,8.501374
7291.652,8.547488
7293.581,8.596616
7295.51,8.630813
7297.438,8.673581
7299.366,8.717527
7301.295,8.763173
7303.224,8.815048
7305.152,8.874454
7307.081,8.922527
7309.009,8.972068
7310.938,9.016392
7312.866,9.052628
7314.794,9.093501
7316.723,9.121666
7318.651,9.15078
7320.58,9.187778
7322.509,9.229389
7324.437,9.267509
7326.365,9.319829
7328.294,9.351063
7330.223,9.362182
7332.151,9.378296
7334.08,9.389809
7336.008,9.40076
7337.937,9.428353
7339.865,9.447036
7341.793,9.466902
7343.722,9.492585
7345.65,9.536642
7347.579,9.587144
7349.508,9.632514
7351.436,9.698525
7353.364,9.794467
7355.293,9.906368
7357.222,10.01729
7359.15,10.16257
7361.079,10.33125
7363.007,10.50797
7364.936,10.68673
7366.864,10.87887
7368.792,11.06394
7370.721,11.23993
7372.649,11.41851
7374.578,11.61414
7376.507,11.78379
7378.435,11.9515
7380.363,12.12741
7382.292,12.28146
7384.221,12.41876
7386.149,12.55557
7388.077,12.68294
7390.006,12.80694
7391.935,12.92234
7393.863,13.03099
7395.792,13.1238
7397.72,13.21121
7399.648,13.29178
7401.577,13.37113
7403.505,13.44985
7405.434,13.5205
7407.362,13.56923
7409.291,13.62245
7411.22,13.67999
7413.148,13.73613
7415.076,13.78416
7417.005,13.83163
7418.934,13.87546
7420.862,13.91578
7422.791,13.94584
7424.719,13.97253
7426.647,13.99952
7428.576,14.03031
7430.504,14.06033
7432.433,14.08972
7434.361,14.11269
7436.29,14.1359
7438.219,14.15205
7440.147,14.17391
7442.075,14.18965
7444.004,14.20861
7445.933,14.2229
7447.861,14.23874
7449.789,14.25575
7451.718,14.26619
7453.646,14.27475
7455.575,14.28986
7457.503,14.29949
7459.432,14.31332
7461.36,14.31908
7463.289,14.32477
7465.218,14.33557
7467.146,14.343
7469.074,14.35027
7471.003,14.35961
7472.932,14.36909
7474.86,14.37708
7476.788,14.38479
7478.717,14.39939
7480.646,14.40027
7482.574,14.40358
7484.502,14.41539
7486.431,14.41927
7488.359,14.42297
7490.288,14.43188
7492.216,14.43374
7494.145,14.44089
7496.073,14.44644
7498.002,14.44441
7499.931,14.44291
7501.859,14.45103
7503.787,14.45623
7505.716,14.46146
7507.645,14.46491
7509.573,14.47335
7511.501,14.4743
7513.43,14.4679
7515.358,14.47452
7517.287,14.48082
7519.215,14.48808
7521.144,14.50465
7523.072,14.50836
7525.001,14.5114
7526.93,14.50867
7528.858,14.50488
7530.786,14.50787
7532.715,14.51153
7534.644,14.51637
7536.572,14.51886
7538.5,14.51901
7540.429,14.52259
7542.357,14.52382
7544.286,14.52658
7546.214,14.5276
7548.143,14.53139
7550.071,14.53595
7552.0,14.53186
7553.928,14.53178
7555.857,14.53419
7557.785,14.53848
7559.714,14.53413
7561.643,14.53801
7563.571,14.5378
7565.499,14.53482
7567.428,14.53343
7569.356,14.53026
7571.285,14.53091
7573.213,14.52982
7575.142,14.52585
7577.07,14.52173
7578.999,14.52229
7580.927,14.52762
7582.855,14.52914
7584.784,14.52926
7586.713,14.52744
7588.642,14.52221
7590.57,14.51947
7592.498,14.51753
7594.427,14.51657
7596.355,14.51452
7598.284,14.51703
7600.212,14.51044
7602.141,14.50171
7604.069,14.50028
7605.998,14.4986
7607.926,14.50187
7609.854,14.50041
7611.783,14.49568
7613.712,14.49239
7615.641,14.48763
7617.569,14.49192
7619.497,14.48885
7621.426,14.48088
7623.354,14.47988
7625.283,14.48408
7627.211,14.47644
7629.14,14.46874
7631.068,14.46377
7632.997,14.46193
7634.925,14.467
7636.854,14.46676
7638.782,14.46103
7640.711,14.45659
7642.639,14.45768
7644.568,14.45375
7646.496,14.44937
7648.425,14.44903
7650.354,14.44727
7652.282,14.44343
7654.21,14.42808
7656.139,14.41708
7658.067,14.41649
7659.996,14.42062
7661.924,14.41645
7663.853,14.40137
7665.781,14.40301
7667.71,14.40207
7669.638,14.39341
7671.566,14.39592
7673.495,14.38634
7675.424,14.38047
7677.353,14.37858
7679.281,14.37651
7681.209,14.37328
7683.138,14.36231
7685.066,14.35609
7686.995,14.35348
7688.923,14.34729
7690.852,14.34324
7692.78,14.34474
7694.709,14.33789
7696.637,14.32565
7698.565,14.3136
7700.494,14.30934
7702.423,14.30618
7704.352,14.29673
7706.28,14.28603
7708.208,14.2819
7710.137,14.28053
7712.065,14.27728
7713.994,14.27239
7715.922,14.26666
7717.851,14.25078
7719.779,14.24022
7721.708,14.23547
7723.636,14.23139
7725.564,14.22527
7727.493,14.21937
7729.422,14.21138
7731.35,14.20434
7733.279,14.19622
7735.207,14.18731
7737.136,14.17886
7739.064,14.17216
7740.993,14.16765
7742.921,14.16866
7744.85,14.1602
7746.778,14.14625
7748.707,14.13354
7750.635,14.12873
7752.563,14.11607
7754.492,14.1161
7756.421,14.1179
7758.349,14.10406
7760.277,14.08636
7762.206,14.08513
7764.135,14.08797
7766.063,14.07811
7767.992,14.06783
7769.92,14.05832
7771.849,14.05185
7773.777,14.04747
7775.706,14.03321
7777.634,14.02023
7779.563,14.01635
7781.491,14.00369
7783.42,14.00107
7785.348,13.99222
7787.276,13.97211
7789.205,13.96581
7791.134,13.96796
7793.063,13.96373
7794.991,13.95407
7796.919,13.94562
7798.848,13.93015
7800.776,13.9189
7802.705,13.91078
7804.633,13.89177
7806.562,13.87414
7808.49,13.8715
7810.419,13.86277
7812.347,13.85036
7814.275,13.84313
7816.204,13.8354
7818.133,13.82171
7820.061,13.80499
7821.989,13.78889
7823.918,13.77658
7825.847,13.76165
7827.775,13.74798
7829.704,13.73549
7831.632,13.72262
7833.561,13.70234
7835.489,13.68675
7837.417,13.6711
7839.346,13.65573
7841.274,13.64391
7843.203,13.63511
7845.132,13.61377
7847.06,13.58763
7848.988,13.57302
7850.917,13.56867
7852.846,13.55136
7854.774,13.52853
7856.703,13.51153
7858.631,13.49448
7860.56,13.47825
7862.488,13.46549
7864.417,13.44739
7866.345,13.42647
7868.273,13.4034
7870.202,13.39387
7872.131,13.38834
7874.059,13.37256
7875.987,13.35243
7877.916,13.32765
7879.845,13.31079
7881.773,13.29253
7883.702,13.27037
7885.63,13.25191
7887.559,13.23659
7889.487,13.221
7891.416,13.19684
7893.344,13.17186
7895.272,13.14629
7897.201,13.12861
7899.13,13.11631
7901.058,13.08964
7902.986,13.05986
7904.915,13.04287
7906.844,13.01625
7908.772,12.99431
7910.7,12.98147
7912.629,12.95546
7914.558,12.9205
7916.486,12.89175
7918.415,12.86763
7920.343,12.83667
7922.271,12.80906
7924.2,12.7852
7926.128,12.76058
7928.057,12.73605
7929.985,12.69854
7931.914,12.66737
7933.843,12.64519
7935.771,12.62204
7937.699,12.58735
7939.628,12.55012
7941.557,12.5208
7943.485,12.49843
7945.414,12.47416
7947.342,12.44724
7949.271,12.41036
7951.199,12.38453
7953.127,12.36505
7955.056,12.33832
7956.984,12.30721
7958.913,12.28147
7960.842,12.25553
7962.77,12.22659
7964.698,12.20053
7966.627,12.17386
7968.556,12.14508
7970.484,12.11311
7972.413,12.08487
7974.341,12.06101
7976.27,12.03174
7978.198,12.00586
7980.126,11.98172
7982.055,11.96071
7983.983,11.92817
7985.912,11.89157
7987.841,11.85681
7989.769,11.82721
7991.697,11.80129
7993.626,11.76512
7995.555,11.72922
7997.483,11.70315
7999.411,11.68034
8001.34,11.64857
8003.269,11.60087
8005.197,11.56449
8007.125,11.53416
8009.054,11.50172
8010.982,11.47044
8012.911,11.4342
8014.839,11.39447
8016.768,11.36738
8018.696,11.33487
8020.625,11.29489
8022.554,11.25288
8024.482,11.20974
8026.41,11.17075
8028.339,11.13052
8030.268,11.09356
8032.196,11.06501
8034.125,11.03338
8036.053,10.99088
8037.981,10.94395
8039.91,10.91198
8041.838,10.87402
8043.767,10.83691
8045.695,10.79367
8047.624,10.74925
8049.553,10.70833
8051.481,10.66609
8053.409,10.61941
8055.338,10.58014
8057.267,10.54003
8059.195,10.49836
8061.124,10.45716
8063.052,10.41435
8064.98,10.36907
8066.909,10.32702
8068.837,10.2807
8070.766,10.23525
8072.694,10.19717
8074.623,10.15324
8076.552,10.10229
8078.48,10.05944
8080.408,10.01642
8082.337,9.963742
8084.266,9.915922
8086.194,9.865997
8088.122,9.814744
8090.051,9.770897
8091.979,9.719578
8093.908,9.664955
8095.836,9.61613
8097.765,9.566619
8099.693,9.514423
8101.622,9.469916
8103.551,9.417189
8105.479,9.363909
8107.407,9.309602
8109.336,9.258877
8111.265,9.205935
8113.192,9.152529
8115.121,9.11084
8117.05,9.057096
8118.979,8.989813
8120.907,8.93343
8122.835,8.880651
8124.764,8.83036
8126.692,8.780844
8128.621,8.730097
8130.55,8.673508
8132.478,8.622597
8134.406,8.566609
8136.335,8.516358
8138.264,8.465983
8140.191,8.41614
8142.12,8.363613
8144.049,8.304324
8145.978,8.25623
8147.906,8.203205
8149.834,8.145613
8151.763,8.093035
8153.691,8.043973
8155.62,7.998767
8157.548,7.938907
8159.477,7.879001
8161.405,7.825841
8163.334,7.777115
8165.263,7.732133
8167.19,7.678138
8169.119,7.63181
8171.048,7.590853
8172.977,7.552843
8174.905,7.503601
8176.833,7.457087
8178.762,7.412641
8180.69,7.373626
8182.619,7.331169
8184.547,7.286926
8186.476,7.253665
8188.404,7.216922
8190.333,7.172214
8192.262,7.129644
8194.189,7.09442
8196.118,7.067315
8198.047,7.034668
8199.976,7.002318
8201.903,6.965245
8203.832,6.932849
8205.761,6.900536
8207.689,6.874475
8209.618,6.855808
8211.546,6.824666
8213.475,6.788478
8215.403,6.767829
8217.332,6.745861
8219.261,6.729905
8221.188,6.71437
8223.117,6.699495
8225.046,6.68024
8226.975,6.660014
8228.902,6.646135
8230.831,6.637631
8232.76,6.622298
8234.688,6.606319
8236.617,6.603573
8238.545,6.595387
8240.474,6.593299
8242.402,6.584459
8244.331,6.585546
8246.259,6.590238
8248.188,6.592211
8250.116,6.60127
8252.045,6.614306
8253.974,6.615383
8255.901,6.620126
8257.83,6.635976
8259.759,6.645985
8261.688,6.661748
8263.616,6.678187
8265.544,6.687484
8267.473,6.709109
8269.401,6.73373
8271.33,6.757434
8273.258,6.781982
8275.187,6.802219
8277.115,6.819476
8279.044,6.825041
8280.973,6.838387
8282.9,6.866378
8284.829,6.881316
8286.758,6.882853
8288.687,6.898336
8290.614,6.903607
8292.543,6.914356
8294.472,6.915678
8296.4,6.91311
8298.329,6.913959
8300.257,6.911895
8302.186,6.910958
8304.114,6.906707
8306.043,6.897262
8307.972,6.895608
8309.899,6.884557
8311.828,6.86884
8313.757,6.850016
8315.686,6.844572
8317.613,6.842677
8319.542,6.818361
8321.471,6.803395
8323.399,6.789906
8325.328,6.776878
8327.256,6.750549
8329.185,6.733522
8331.113,6.727361
8333.042,6.725179
8334.97,6.726666
8336.898,6.724882
8338.827,6.713707
8340.756,6.713566
8342.685,6.712201
8344.612,6.71442
8346.541,6.724097
8348.47,6.717596
8350.398,6.705283
8352.327,6.702302
8354.255,6.687473
8356.184,6.678637
8358.112,6.67633
8360.041,6.666614
8361.969,6.64572
8363.897,6.624049
8365.826,6.608226
8367.755,6.580811
8369.684,6.547763
8371.611,6.528345
8373.54,6.515153
8375.469,6.48736
8377.397,6.474467
8379.325,6.466525
8381.254,6.455967
8383.183,6.444718
8385.111,6.427927
8387.04,6.415472
8388.968,6.41611
8390.896,6.425072
8392.825,6.442783
8394.754,6.455045
8396.683,6.459728
8398.61,6.483752
8400.539,6.515185
8402.468,6.533135
8404.396,6.552859
8406.324,6.584306
8408.253,6.619492
8410.182,6.655786
8412.11,6.690942
8414.039,6.735317
8415.967,6.776361
8417.896,6.80848
8419.824,6.834611
8421.753,6.879576
8423.681,6.930734
8425.609,6.974991
8427.538,7.012856
8429.467,7.058372
8431.396,7.109185
8433.323,7.150484
8435.252,7.215192
8437.181,7.276508
8439.109,7.326799
8441.037,7.389468
8442.966,7.451883
8444.895,7.515442
8446.823,7.566379
8448.752,7.628752
8450.68,7.698711
8452.608,7.769488
8454.537,7.824062
8456.466,7.878699
8458.395,7.952612
8460.322,8.017927
8462.251,8.072396
8464.18,8.131312
8466.108,8.189051
8468.036,8.252575
8469.965,8.316525
8471.894,8.372684
8473.822,8.422809
8475.751,8.476525
8477.679,8.520588
8479.607,8.554932
8481.536,8.585705
8483.465,8.631812
8485.393,8.667315
8487.321,8.687921
8489.25,8.706122
8491.179,8.731387
8493.107,8.747316
8495.035,8.759833
8496.964,8.77152
8498.893,8.78133
8500.821,8.807182
8502.75,8.83551
8504.678,8.854824
8506.606,8.872749
8508.535,8.901663
8510.464,8.927031
8512.392,8.945412
8514.32,8.96874
8516.249,9.008713
8518.178,9.043731
8520.106,9.075959
8522.034,9.106903
8523.963,9.142227
8525.892,9.184876
8527.82,9.220506
8529.748,9.26663
8531.677,9.295161
8533.605,9.323995
8535.534,9.377872
8537.463,9.423072
8539.391,9.436521
8541.319,9.471005
8543.248,9.509866
8545.177,9.54168
8547.105,9.587009
8549.033,9.644957
8550.962,9.693227
8552.891,9.72084
8554.819,9.764639
8556.747,9.823307
8558.676,9.87737
8560.604,9.913758
8562.533,9.954074
8564.462,9.997377
8566.39,10.04468
8568.318,10.09187
8570.247,10.13369
8572.176,10.17469
8574.104,10.22711
8576.032,10.27508
8577.961,10.33191
8579.89,10.3831
8581.818,10.42532
8583.746,10.46902
8585.675,10.51865
8587.604,10.55942
8589.532,10.59778
8591.461,10.64481
8593.389,10.68326
8595.317,10.72839
8597.246,10.7879
8599.175,10.84333
8601.103,10.89948
8603.031,10.95381
8604.96,10.99829
8606.889,11.04494
8608.817,11.10922
8610.745,11.17185
8612.674,11.20682
8614.603,11.24605
8616.531,11.28466
8618.459,11.31985
8620.388,11.33635
8622.316,11.33967
8624.245,11.33714
8626.174,11.32839
8628.102,11.29905
8630.03,11.26872
8631.959,11.24244
8633.888,11.20935
8635.816,11.17859
8637.744,11.14946
8639.673,11.10987
8641.602,11.07778
8643.53,11.06123
8645.458,11.04863
8647.387,11.03974
8649.315,11.03791
8651.244,11.04252
8653.173,11.04992
8655.101,11.05544
8657.029,11.07142
8658.958,11.08743
8660.887,11.09248
8662.814,11.10552
8664.743,11.11396
8666.672,11.11723
8668.601,11.14244
8670.529,11.16074
8672.457,11.17339
8674.386,11.18747
8676.314,11.21034
8678.243,11.22492
8680.172,11.23883
8682.1,11.26432
8684.028,11.30089
8685.957,11.33502
8687.886,11.38404
8689.813,11.43544
8691.742,11.48912
8693.671,11.54517
8695.6,11.62226
8697.528,11.70855
8699.456,11.79295
8701.385,11.87201
8703.313,11.97072
8705.242,12.07063
8707.17,12.15764
8709.099,12.25542
8711.027,12.35339
8712.956,12.44069
8714.885,12.52991
8716.813,12.63192
8718.741,12.72921
8720.67,12.8187
8722.599,12.90731
8724.527,12.97419
8726.455,13.04294
8728.384,13.11634
8730.313,13.19973
8732.241,13.2727
8734.169,13.34519
8736.098,13.41971
8738.026,13.4817
8739.955,13.5313
8741.884,13.59168
8743.812,13.65528
8745.74,13.72916
8747.669,13.78683
8749.598,13.83702
8751.525,13.89694
8753.454,13.9672
8755.383,14.03164
8757.312,14.07949
8759.24,14.13746
8761.168,14.19732
8763.097,14.25701
8765.025,14.31985
8766.954,14.3793
8768.882,14.44009
8770.811,14.50994
8772.739,14.56993
8774.668,14.6189
8776.597,14.67848
8778.524,14.73234
8780.453,14.7902
8782.382,14.85611
8784.311,14.90903
8786.239,14.95175
8788.167,15.01317
8790.096,15.06102
8792.024,15.10236
8793.953,15.15196
8795.881,15.20199
8797.81,15.24045
8799.738,15.27937
8801.667,15.32657
8803.596,15.37309
8805.523,15.40477
8807.452,15.44607
8809.381,15.47484
8811.31,15.50777
8813.237,15.53401
8815.166,15.57424
8817.095,15.58996
8819.023,15.60233
8820.952,15.62474
8822.88,15.64639
8824.809,15.65832
8826.737,15.67102
8828.666,15.68622
8830.595,15.69519
8832.522,15.71624
8834.451,15.72435
8836.38,15.73518
8838.309,15.75155
8840.236,15.77868
8842.165,15.82083
8844.094,15.84425
8846.022,15.85222
8847.951,15.87005
8849.879,15.90378
8851.808,15.93141
8853.736,15.95373
8855.665,15.98876
8857.593,16.0161
8859.521,16.01969
8861.45,16.03181
8863.379,16.05825
8865.308,16.08737
8867.235,16.11506
8869.164,16.12491
8871.093,16.12433
8873.021,16.12368
8874.95,16.14005
8876.878,16.15507
8878.807,16.16374
8880.735,16.17576
8882.664,16.19783
8884.592,16.2133
8886.521,16.19955
8888.449,16.2035
8890.378,16.21919
8892.307,16.23531
8894.234,16.23748
8896.163,16.24591
8898.092,16.25404
8900.021,16.25709
8901.948,16.25726
8903.877,16.25783
8905.806,16.27471
8907.734,16.2892
8909.663,16.29411
8911.591,16.2893
8913.52,16.30127
8915.448,16.3137
8917.377,16.31152
8919.306,16.31482
8921.233,16.33489
8923.162,16.34203
8925.091,16.3448
8927.02,16.35051
8928.947,16.35675
8930.876,16.37199
8932.805,16.3831
8934.733,16.38415
8936.662,16.38012
8938.59,16.38984
8940.519,16.4066
8942.447,16.41602
8944.376,16.41292
8946.304,16.42061
8948.232,16.42362
8950.161,16.42458
8952.09,16.44156
8954.019,16.46442
8955.946,16.46441
8957.875,16.46192
8959.804,16.46086
8961.732,16.47705
8963.661,16.48806
8965.589,16.493
8967.518,16.50134
8969.446,16.50306
8971.375,16.50124
8973.303,16.50716
8975.231,16.50533
8977.16,16.51566
8979.089,16.53248
8981.018,16.54365
8982.945,16.53785
8984.874,16.53596
8986.803,16.54061
8988.731,16.55209
8990.659,16.5584
8992.588,16.56129
8994.517,16.57843
8996.445,16.58802
8998.374,16.57725
9000.302,16.56695
9002.23,16.57302
9004.159,16.58934
9006.088,16.58271
9008.017,16.57941
9009.944,16.57829
9011.873,16.59811
9013.802,16.60442
9015.73,16.6031
9017.658,16.6142
9019.587,16.6312
9021.516,16.61057
9023.444,16.59518
9025.373,16.60911
9027.301,16.63069
9029.229,16.64099
9031.158,16.63912
9033.087,16.63253
9035.015,16.62992
9036.943,16.63461
9038.872,16.63849
9040.801,16.64498
9042.729,16.65549
9044.657,16.66283
9046.586,16.65168
9048.515,16.64567
9050.443,16.65062
9052.372,16.66245
9054.3,16.66462
9056.229,16.66006
9058.157,16.66469
9060.086,16.67687
9062.014,16.6827
9063.942,16.68516
9065.871,16.68724
9067.8,16.6887
9069.729,16.6908
9071.656,16.68492
9073.585,16.69154
9075.514,16.69469
9077.442,16.68051
9079.37,16.67551
9081.299,16.68925
9083.228,16.69814
9085.156,16.69441
9087.085,16.68886
9089.013,16.68538
9090.941,16.68718
9092.87,16.6923
9094.799,16.68829
9096.727,16.69284
9098.655,16.69629
9100.584,16.69533
9102.513,16.69629
9104.441,16.71125
9106.369,16.7154
9108.298,16.70302
9110.227,16.68171
9112.155,16.67658
9114.084,16.69416
9116.012,16.71239
9117.94,16.70078
9119.869,16.69336
9121.798,16.6973
9123.726,16.70308
9125.654,16.70444
9127.583,16.70685
9129.512,16.69851
9131.44,16.69789
9133.368,16.69753
9135.297,16.68696
9137.226,16.69088
9139.154,16.6892
9141.082,16.69021
9143.011,16.69263
9144.939,16.68624
9146.868,16.68919
9148.797,16.67506
9150.725,16.67324
9152.653,16.6787
9154.582,16.68117
9156.511,16.6658
9158.439,16.66279
9160.367,16.67615
9162.296,16.67939
9164.225,16.67606
9166.153,16.66351
9168.081,16.65304
9170.01,16.67644
9171.938,16.67635
9173.867,16.66792
9175.796,16.66223
9177.724,16.66759
9179.652,16.65343
9181.581,16.63903
9183.51,16.63992
9185.438,16.62689
9187.366,16.62956
9189.295,16.64139
9191.224,16.62422
9193.152,16.60544
9195.08,16.59127
9197.009,16.58334
9198.938,16.59221
9200.866,16.58897
9202.795,16.59451
9204.723,16.59575
9206.651,16.58018
9208.58,16.58516
9210.509,16.58253
9212.437,16.57306
9214.365,16.55812
9216.294,16.5542
9218.223,16.55731
9220.151,16.54484
9222.079,16.53469
9224.008,16.53486
9225.937,16.53935
9227.865,16.53311
9229.793,16.52808
9231.722,16.5309
9233.65,16.53109
9235.579,16.52224
9237.508,16.5215
9239.436,16.52019
9241.364,16.51908
9243.293,16.52264
9245.222,16.51827
9247.15,16.51081
9249.078,16.49943
9251.007,16.48787
9252.936,16.4868
9254.864,16.48735
9256.792,16.49414
9258.721,16.49737
9260.649,16.47206
9262.578,16.46838
9264.507,16.47008
9266.435,16.47822
9268.363,16.47999
9270.292,16.47629
9272.221,16.45205
9274.148,16.44195
9276.077,16.44904
9278.006,16.44864
9279.935,16.43473
9281.863,16.43585
9283.791,16.43421
9285.72,16.42695
9287.648,16.40671
9289.577,16.40394
9291.506,16.38993
9293.434,16.38704
9295.362,16.39369
9297.291,16.40379
9299.22,16.38013
9301.147,16.37731
9303.076,16.37006
9305.005,16.3658
9306.934,16.35843
9308.862,16.35822
9310.79,16.35064
9312.719,16.33986
9314.647,16.33517
9316.576,16.33956
9318.504,16.3362
9320.433,16.3274
9322.361,16.31054
9324.29,16.3044
9326.219,16.30112
9328.146,16.29974
9330.075,16.30163
9332.004,16.29541
9333.933,16.28486
9335.861,16.27892
9337.789,16.26812
9339.718,16.26224
9341.646,16.25003
9343.575,16.25022
9345.503,16.2592
9347.432,16.27207
9349.36,16.27861
9351.289,16.26982
9353.218,16.24387
9355.146,16.24035
9357.074,16.23764
9359.003,16.24694
9360.932,16.24755
9362.859,16.23095
9364.788,16.21424
9366.717,16.22549
9368.646,16.23685
9370.574,16.23369
9372.502,16.23246
9374.431,16.22903
9376.359,16.22609
9378.288,16.22773
9380.217,16.23698
9382.145,16.2339
9384.073,16.22663
9386.002,16.2169
9387.931,16.22532
9389.858,16.21841
9391.787,16.20332
9393.716,16.21236
9395.645,16.222
9397.573,16.2229
9399.501,16.21542
9401.43,16.20817
9403.358,16.21
9405.287,16.21284
9407.215,16.19659
9409.144,16.20614
9411.072,16.22231
9413.001,16.21041
9414.93,16.218
9416.857,16.2146
9418.786,16.2025
9420.715,16.19532
9422.644,16.19193
9424.571,16.19136
9426.5,16.20198
9428.429,16.19483
9430.357,16.17033
9432.286,16.16135
9434.214,16.17322
9436.143,16.19117
9438.071,16.18719
9440.0,16.16311
9441.929,16.16962
9443.856,16.17961
9445.785,16.16926
9447.714,16.16163
9449.643,16.16048
9451.57,16.14153
9453.499,16.12736
9455.428,16.1392
9457.356,16.14801
9459.285,16.1481
9461.213,16.11553
9463.142,16.09986
9465.07,16.11235
9466.999,16.11322
9468.927,16.11977
9470.855,16.11353
9472.784,16.10582
9474.713,16.10439
9476.642,16.09399
9478.569,16.08821
9480.498,16.08644
9482.427,16.08606
9484.355,16.09157
9486.284,16.10298
9488.212,16.10752
9490.141,16.10002
9492.069,16.10158
9493.998,16.08776
9495.926,16.06388
9497.854,16.06838
9499.783,16.07998
9501.712,16.07677
9503.641,16.06675
9505.568,16.05942
9507.497,16.06824
9509.426,16.04679
9511.354,16.0404
9513.282,16.04054
9515.211,16.03424
9517.14,16.05287
9519.068,16.05868
9520.997,16.04259
9522.925,16.02888
9524.854,16.02944
9526.782,16.0479
9528.711,16.04268
9530.64,16.0334
9532.567,16.02181
9534.496,16.01686
9536.425,16.02213
9538.354,16.02
9540.281,16.0239
9542.21,16.02325
9544.139,16.02608
9546.067,16.01662
9547.996,16.01077
9549.924,16.02779
9551.853,16.01233
9553.781,16.00323
9555.71,16.01553
9557.638,16.0259
9559.566,16.03354
9561.495,16.02719
9563.424,16.03415
9565.353,16.04462
9567.28,16.0457
9569.209,16.04774
9571.138,16.05823
9573.066,16.05808
9574.995,16.04859
9576.923,16.03794
9578.852,16.04088
9580.78,16.04344
9582.709,16.05858
9584.637,16.06683
9586.565,16.06435
9588.494,16.05918
9590.423,16.07563
9592.352,16.07025
9594.279,16.03363
9596.208,16.04384
9598.137,16.06651
9600.065,16.06749
9601.993,16.07604
9603.922,16.08557
9605.851,16.08061
9607.779,16.07076
9609.708,16.08209
9611.636,16.08764
9613.564,16.07474
9615.493,16.06623
9617.422,16.06829
9619.351,16.06857
9621.278,16.079
9623.207,16.09142
9625.136,16.09027
9627.064,16.09678
9628.992,16.09963
9630.921,16.10224
9632.85,16.09503
9634.778,16.07705
9636.707,16.07078
9638.635,16.07138
9640.563,16.06683
9642.492,16.06061
9644.421,16.06151
9646.349,16.05425
9648.277,16.04009
9650.206,16.0492
9652.135,16.04561
9654.063,16.0515
9655.991,16.061
9657.92,16.05458
9659.849,16.05617
9661.777,16.04162
9663.706,16.03729
9665.634,16.0517
9667.563,16.05163
9669.491,16.04596
9671.42,16.04788
9673.348,16.03374
9675.276,16.04084
9677.205,16.04142
9679.134,16.03991
9681.063,16.03808
9682.99,16.01763
9684.919,16.00948
9686.848,16.0233
9688.776,16.04268
9690.704,16.05163
9692.633,16.05384
9694.562,16.05628
9696.49,16.04853
9698.419,16.06594
9700.347,16.05364
9702.275,16.03144
9704.204,16.0307
9706.133,16.02638
9708.062,16.02954
9709.989,16.02044
9711.918,16.00385
9713.847,16.00655
9715.775,16.00627
9717.703,16.00998
9719.632,16.0082
9721.561,16.005
9723.489,16.01239
9725.418,15.99925
9727.346,15.99623
9729.274,16.01624
9731.203,16.00002
9733.132,15.98007
9735.06,15.99132
9736.988,16.00224
9738.917,15.981
9740.846,15.97335
9742.774,15.98285
9744.702,15.96403
9746.631,15.96671
9748.56,15.97634
9750.488,15.97317
9752.416,15.96134
9754.345,15.95622
9756.273,15.96137
9758.202,15.95994
9760.131,15.94619
9762.059,15.94442
9763.987,15.94903
9765.916,15.93337
9767.845,15.93948
9769.773,15.94091
9771.701,15.94698
9773.63,15.93539
9775.559,15.93709
9777.487,15.92913
9779.415,15.90238
9781.344,15.88616
9783.272,15.90428
9785.201,15.89533
9787.13,15.89084
9789.058,15.88754
9790.986,15.88803
9792.915,15.8748
9794.844,15.86232
9796.771,15.87331
9798.7,15.88879
9800.629,15.89719
9802.558,15.88367
9804.486,15.88261
9806.414,15.87873
9808.343,15.89531
9810.271,15.91699
9812.2,15.90033
9814.129,15.89299
9816.057,15.90506
9817.985,15.91119
9819.914,15.91291
9821.843,15.92871
9823.771,15.91723
9825.699,15.90613
9827.628,15.9265
9829.557,15.94509
9831.485,15.96312
9833.413,15.96766
9835.342,15.95023
9837.271,15.95902
9839.199,15.99772
9841.127,15.99728
9843.056,16.01807
9844.984,16.04568
9846.913,16.0528
9848.842,16.06661
9850.77,16.07696
9852.698,16.0746
9854.627,16.07237
9856.556,16.08895
9858.484,16.1287
9860.412,16.15756
9862.341,16.16246
9864.27,16.15372
9866.198,16.16356
9868.126,16.1938
9870.055,16.22305
9871.983,16.23089
9873.912,16.23895
9875.841,16.26372
9877.769,16.2707
9879.697,16.28482
9881.626,16.29149
9883.555,16.3075
9885.482,16.30429
9887.411,16.3209
9889.34,16.35185
9891.269,16.38854
9893.197,16.40617
9895.125,16.40073
9897.054,16.42108
9898.982,16.44443
9900.911,16.45139
9902.84,16.46441
9904.768,16.46754
9906.696,16.47232
9908.625,16.49214
9910.554,16.4936
9912.481,16.50121
9914.41,16.51379
9916.339,16.53395
9918.268,16.52726
9920.196,16.52407
9922.124,16.54104
9924.053,16.56899
9925.981,16.56466
9927.91,16.59
9929.838,16.59919
9931.767,16.58653
9933.695,16.61355
9935.624,16.64617
9937.553,16.6524
9939.48,16.65396
9941.409,16.67171
9943.338,16.68992
9945.267,16.68851
9947.195,16.69634
9949.123,16.70302
9951.052,16.69674
9952.98,16.7086
9954.909,16.71636
9956.837,16.7231
9958.766,16.74404
9960.694,16.76153
9962.623,16.77145
9964.552,16.78428
9966.479,16.77732
9968.408,16.77231
9970.337,16.78745
9972.266,16.79668
9974.193,16.81336
9976.122,16.81816
9978.051,16.84305
9979.979,16.84637
9981.908,16.81601
9983.836,16.82146
9985.765,16.84292
9987.693,16.83931
9989.622,16.84137
9991.551,16.84143
9993.479,16.85093
9995.407,16.85022
9997.336,16.85952
9999.265,16.8654
10001.19,16.87228
10003.12,16.87926
10005.05,16.88533
10006.98,16.89475
10008.91,16.87994
10010.83,16.88163
10012.76,16.89515
10014.69,16.8872
10016.62,16.90407
10018.55,16.92
10020.48,16.93342
10022.41,16.94696
10024.33,16.95449
10026.26,16.9557
10028.19,16.98997
10030.12,17.0253
10032.05,17.03682
10033.98,17.04011
10035.91,17.04827
10037.83,17.04743
10039.76,17.06072
10041.69,17.10103
10043.62,17.12414
10045.55,17.10019
10047.48,17.11731
10049.41,17.13348
10051.33,17.14974
10053.26,17.16122
10055.19,17.18035
10057.12,17.18545
10059.05,17.17943
10060.98,17.17922
10062.9,17.19504
10064.83,17.22198
10066.76,17.25175
10068.69,17.26032
10070.62,17.27011
10072.55,17.25691
10074.48,17.24311
10076.4,17.24578
10078.33,17.26781
10080.26,17.27793
10082.19,17.28594
10084.12,17.32203
10086.05,17.32113
10087.98,17.33394
10089.9,17.34299
10091.83,17.34204
10093.76,17.34296
10095.69,17.34721
10097.62,17.33962
10099.55,17.36897
10101.47,17.37598
10103.4,17.35941
10105.33,17.37025
10107.26,17.37373
10109.19,17.36735
10111.12,17.37478
10113.05,17.39034
10114.97,17.41844
10116.9,17.43415
10118.83,17.42342
10120.76,17.43694
10122.69,17.42555
10124.62,17.44257
10126.54,17.46421
10128.47,17.46359
10130.4,17.47215
10132.33,17.49237
10134.26,17.49716
10136.19,17.50868
10138.12,17.50297
10140.04,17.49829
10141.97,17.51377
10143.9,17.52233
10145.83,17.5437
10147.76,17.53455
10149.69,17.52271
10151.62,17.54737
10153.54,17.54112
10155.47,17.53721
10157.4,17.53048
10159.33,17.55
10161.26,17.56724
10163.19,17.58962
10165.12,17.60065
10167.04,17.60023
10168.97,17.57399
10170.9,17.5794
10172.83,17.57631
10174.76,17.58358
10176.69,17.59009
10178.61,17.60528
10180.54,17.60211
10182.47,17.60604
10184.4,17.60199
10186.33,17.59089
10188.26,17.5997
10190.19,17.59293
10192.11,17.59487
10194.04,17.61238
10195.97,17.6222
10197.9,17.63877
10199.83,17.61619
10201.76,17.60838
10203.69,17.62189
10205.61,17.63202
10207.54,17.62941
10209.47,17.63654
10211.4,17.65841
10213.33,17.69625
10215.26,17.69464
10217.18,17.65712
10219.11,17.67428
10221.04,17.67429
10222.97,17.67596
10224.9,17.68715
10226.83,17.68784
10228.76,17.68869
10230.68,17.68525
10232.61,17.69621
10234.54,17.70189
10236.47,17.68827
10238.4,17.66825
10240.33,17.66952
10242.25,17.6879
10244.18,17.71173
10246.11,17.71633
10248.04,17.73406
10249.97,17.71997
10251.9,17.72672
10253.83,17.74399
10255.75,17.74769
10257.68,17.74961
10259.61,17.74201
10261.54,17.74369
10263.47,17.76309
10265.4,17.73613
10267.33,17.69676
10269.25,17.68771
10271.18,17.70911
10273.11,17.74152
10275.04,17.73696
10276.97,17.71206
10278.9,17.70851
10280.83,17.69523
10282.75,17.70191
10284.68,17.69608
10286.61,17.71634
10288.54,17.74484
10290.47,17.75898
10292.4,17.73279
10294.32,17.70413
10296.25,17.70079
10298.18,17.71962
10300.11,17.7533
10302.04,17.75717
10303.97,17.76348
10305.9,17.74591
10307.82,17.72473
10309.75,17.73935
10311.68,17.75171
10313.61,17.76981
10315.54,17.76053
10317.47,17.70824
10319.4,17.7009
10321.32,17.74652
10323.25,17.7641
10325.18,17.76027
10327.11,17.76861
10329.04,17.73756
10330.97,17.76107
10332.89,17.77134
10334.82,17.71558
10336.75,17.71909
10338.68,17.72883
10340.61,17.70555
10342.54,17.70322
10344.47,17.70349
10346.39,17.74775
10348.32,17.75895
10350.25,17.71975
10352.18,17.71004
10354.11,17.70605
10356.04,17.7192
10357.96,17.72163
10359.89,17.70839
10361.82,17.72442
10363.75,17.74109
10365.68,17.71061
10367.61,17.70167
10369.54,17.66216
10371.46,17.67382
10373.39,17.69975
10375.32,17.67764
10377.25,17.62185
10379.18,17.62871
10381.11,17.65819
10383.04,17.67525
10384.96,17.67697
10386.89,17.69653
10388.82,17.70368
10390.75,17.69478
10392.68,17.67492
10394.61,17.66384
10396.54,17.67255
10398.46,17.6544
10400.39,17.63627
10402.32,17.63707
10404.25,17.67114
10406.18,17.66184
10408.11,17.63198
10410.03,17.62571
10411.96,17.62791
10413.89,17.66758
10415.82,17.65562
10417.75,17.60396
10419.68,17.58751
10421.61,17.62258
10423.53,17.62524
10425.46,17.60384
10427.39,17.58967
10429.32,17.58181
10431.25,17.55162
10433.18,17.52342
10435.1,17.53426
10437.03,17.55586
10438.96,17.56089
10440.89,17.55774
10442.82,17.55248
10444.75,17.57856
10446.68,17.58909
10448.6,17.53821
10450.53,17.50336
10452.46,17.54364
10454.39,17.56416
10456.32,17.56395
10458.25,17.57804
10460.18,17.55612
10462.1,17.49196
10464.03,17.48355
10465.96,17.49223
10467.89,17.51308
10469.82,17.52513
10471.75,17.54021
10473.67,17.50044
10475.6,17.46407
10477.53,17.45505
10479.46,17.46073
10481.39,17.43641
10483.32,17.43096
10485.25,17.47395
10487.17,17.42649
10489.1,17.40552
10491.03,17.41352
10492.96,17.39068
10494.89,17.36433
10496.82,17.33464
10498.75,17.35238
10500.67,17.38498
10502.6,17.3788
10504.53,17.33822
10506.46,17.33202
10508.39,17.30072
10510.32,17.30129
10512.25,17.29861
10514.17,17.28329
10516.1,17.28998
10518.03,17.28497
10519.96,17.26882
10521.89,17.22949
10523.82,17.18981
10525.74,17.19223
10527.67,17.15951
10529.6,17.14932
10531.53,17.13934
10533.46,17.15049
10535.39,17.15723
10537.32,17.10738
10539.24,17.08312
10541.17,17.11589
10543.1,17.12875
10545.03,17.10014
10546.96,17.05102
10548.89,17.02609
10550.81,17.01889
10552.74,17.02938
10554.67,17.023
10556.6,16.99161
10558.53,16.96127
10560.46,16.94714
10562.39,16.95167
10564.31,16.91279
10566.24,16.87839
10568.17,16.85135
10570.1,16.8339
10572.03,16.84392
10573.96,16.83098
10575.89,16.78938
10577.81,16.78273
10579.74,16.78535
10581.67,16.74831
10583.6,16.69973
10585.53,16.68916
10587.46,16.64865
10589.38,16.61795
10591.31,16.62006
10593.24,16.62545
10595.17,16.62504
10597.1,16.56475
10599.03,16.54168
10600.96,16.53374
10602.88,16.50478
10604.81,16.47766
10606.74,16.46379
10608.67,16.43338
10610.6,16.44259
10612.53,16.45093
10614.46,16.38643
10616.38,16.32825
10618.31,16.33707
10620.24,16.32843
10622.17,16.33726
10624.1,16.33307
10626.03,16.29063
10627.96,16.25329
10629.88,16.1951
10631.81,16.17497
10633.74,16.16178
10635.67,16.16292
10637.6,16.16888
10639.53,16.14362
10641.45,16.12118
10643.38,16.09723
10645.31,16.10731
10647.24,16.08125
10649.17,16.06283
10651.1,16.03926
10653.03,15.97843
10654.95,15.97555
10656.88,16.00339
10658.81,15.97303
10660.74,15.91942
10662.67,15.89386
10664.6,15.92601
10666.52,15.9617
10668.45,15.93905
10670.38,15.91351
10672.31,15.87624
10674.24,15.86268
10676.17,15.8279
10678.1,15.83948
10680.02,15.84466
10681.95,15.85959
10683.88,15.82539
10685.81,15.76835
10687.74,15.73286
10689.67,15.73254
10691.59,15.79102
10693.52,15.79453
10695.45,15.78478
10697.38,15.80911
10699.31,15.82167
10701.24,15.78245
10703.17,15.75834
10705.09,15.75213
10707.02,15.75448
10708.95,15.74051
10710.88,15.71966
10712.81,15.73862
10714.74,15.76407
10716.67,15.76495
10718.59,15.77428
10720.52,15.75902
10722.45,15.7585
10724.38,15.74609
10726.31,15.71738
10728.24,15.69562
10730.17,15.69818
10732.09,15.71566
10734.02,15.76091
10735.95,15.75731
10737.88,15.73877
10739.81,15.72292
10741.74,15.78903
10743.67,15.80091
10745.59,15.72929
10747.52,15.71
10749.45,15.76215
10751.38,15.76678
10753.31,15.76189
10755.24,15.76299
10757.16,15.75893
10759.09,15.74109
10761.02,15.75275
10762.95,15.75839
10764.88,15.80232
10766.81,15.81806
10768.74,15.77311
10770.66,15.72744
10772.59,15.70419
10774.52,15.7336
10776.45,15.74568
10778.38,15.75892
10780.31,15.7709
10782.23,15.75911
10784.16,15.80192
10786.09,15.80612
10788.02,15.83158
10789.95,15.85133
10791.88,15.80043
10793.81,15.75642
10795.73,15.77089
10797.66,15.79346
10799.59,15.79395
10801.52,15.76831
10803.45,15.78218
10805.38,15.71882
10807.3,15.70648
10809.23,15.72779
10811.16,15.78817
10813.09,15.7699
10815.02,15.71543
10816.95,15.66791
10818.88,15.66519
10820.8,15.66309
10822.73,15.64622
10824.66,15.63933
10826.59,15.61634
10828.52,15.64327
10830.45,15.70802
10832.38,15.71758
10834.3,15.74187
10836.23,15.72441
10838.16,15.69332
10840.09,15.68442
10842.02,15.70277
10843.95,15.67861
10845.88,15.65906
10847.8,15.66895
10849.73,15.65102
10851.66,15.6506
10853.59,15.6325
10855.52,15.60277
10857.45,15.58036
10859.38,15.59604
10861.3,15.6171
10863.23,15.57651
10865.16,15.56081
10867.09,15.58092
10869.02,15.61536
10870.95,15.64505
10872.87,15.63698
10874.8,15.61364
10876.73,15.60034
10878.66,15.62274
10880.59,15.65336
10882.52,15.61903
10884.45,15.59828
10886.37,15.60169
10888.3,15.58959
10890.23,15.5776
10892.16,15.60443
10894.09,15.66935
10896.02,15.67374
10897.94,15.63046
10899.87,15.61704
10901.8,15.62541
10903.73,15.63876
10905.66,15.60438
10907.59,15.60461
10909.52,15.57304
10911.44,15.56515
10913.37,15.58289
10915.3,15.60963
10917.23,15.60802
10919.16,15.57204
10921.09,15.5192
10923.01,15.53469
10924.94,15.58506
10926.87,15.60039
10928.8,15.55274
10930.73,15.51759
10932.66,15.52851
10934.59,15.55945
10936.51,15.54743
10938.44,15.55577
10940.37,15.54544
10942.3,15.49986
10944.23,15.46613
10946.16,15.47913
10948.09,15.51885
10950.01,15.48356
10951.94,15.46506
10953.87,15.54641
10955.8,15.55308
10957.73,15.54742
10959.66,15.55211
10961.58,15.51996
10963.51,15.50436
10965.44,15.53044
10967.37,15.55978
10969.3,15.50626
10971.23,15.50103
10973.16,15.54911
10975.08,15.56041
10977.01,15.60481
10978.94,15.62787
10980.87,15.66405
10982.8,15.63812
10984.73,15.64191
10986.66,15.70843
10988.58,15.76829
10990.51,15.77572
10992.44,15.79116
10994.37,15.83189
10996.3,15.84062
10998.23,15.87711
11000.16,15.88651
11002.08,15.86587
11004.01,15.87899
11005.94,15.89596
11007.87,15.94415
11009.8,16.01633
11011.73,16.03921
11013.65,15.99957
11015.58,16.04957
11017.51,16.08912
11019.44,16.12054
11021.37,16.18422
11023.3,16.22857
11025.23,16.29184
11027.15,16.30342
11029.08,16.25142
11031.01,16.25945
11032.94,16.23664
11034.87,16.24307
11036.8,16.32891
11038.72,16.41803
11040.65,16.42458
11042.58,16.44767
11044.51,16.5055
11046.44,16.45916
11048.37,16.48553
11050.3,16.54654
11052.22,16.59666
11054.15,16.59871
11056.08,16.60685
11058.01,16.62178
11059.94,16.62416
11061.87,16.65449
11063.79,16.64134
11065.72,16.60507
11067.65,16.65585
11069.58,16.75725
11071.51,16.76571
11073.44,16.77632
11075.37,16.75469
11077.29,16.77251
11079.22,16.85248
11081.15,16.91433
11083.08,16.96821
11085.01,16.93627
11086.94,16.94345
11088.87,16.97536
11090.79,16.93358
11092.72,16.93454
11094.65,16.98599
11096.58,17.07393
11098.51,17.10426
11100.44,17.06693
11102.37,17.07983
11104.29,17.1508
11106.22,17.18039
11108.15,17.19061
11110.08,17.21985
11112.01,17.22689
11113.94,17.20287
11115.87,17.19321
11117.79,17.24909
11119.72,17.27905
11121.65,17.30445
11123.58,17.34624
11125.51,17.3407
11127.44,17.33289
11129.36,17.34469
11131.29,17.44977
11133.22,17.49126
11135.15,17.51337
11137.08,17.53885
11139.01,17.50834
11140.94,17.51218
11142.86,17.59478
11144.79,17.62639
11146.72,17.61819
11148.65,17.58886
11150.58,17.62226
11152.51,17.66592
11154.43,17.69939
11156.36,17.65295
11158.29,17.65905
11160.22,17.6845
11162.15,17.70321
11164.08,17.72083
11166.01,17.74154
11167.93,17.7367
11169.86,17.73858
11171.79,17.78297
11173.72,17.83846
11175.65,17.82007
11177.58,17.87924
11179.5,17.88888
11181.43,17.82281
11183.36,17.80487
11185.29,17.85396
11187.22,17.88445
11189.15,17.88122
11191.08,17.91399
11193.0,17.94273
11194.93,17.94086
11196.86,17.95337
11198.79,17.97963
11200.72,17.97064
11202.65,17.90968
11204.58,17.90028
11206.5,17.94562
11208.43,18.00535
11210.36,18.01297
11212.29,18.09145
11214.22,18.07635
11216.15,18.00886
11218.08,18.03454
11220.0,18.06279
11221.93,18.11098
11223.86,18.1085
11225.79,18.08973
11227.72,18.05063
11229.65,18.07691
11231.58,18.15043
11233.5,18.13483
11235.43,18.10362
11237.36,18.10043
11239.29,18.09004
11241.22,18.08967
11243.15,18.03632
11245.07,18.01777
11247.0,18.10193
11248.93,18.12027
11250.86,18.14317
11252.79,18.22164
11254.72,18.19575
11256.65,18.1455
11258.57,18.18759
11260.5,18.16957
11262.43,18.13598
11264.36,18.17426
11266.29,18.14468
11268.22,18.14381
11270.14,18.13012
11272.07,18.15087
11274.0,18.18264
11275.93,18.20387
11277.86,18.17854
11279.79,18.16002
11281.72,18.13928
11283.64,18.14994
11285.57,18.15608
11287.5,18.17559
11289.43,18.15481
11291.36,18.15101
11293.29,18.22002
11295.21,18.26954
11297.14,18.19448
11299.07,18.19546
11301.0,18.20002
11302.93,18.23229
11304.86,18.24209
11306.79,18.26149
11308.71,18.30959
11310.64,18.32163
11312.57,18.34733
11314.5,18.32
11316.43,18.29723
11318.36,18.27134
11320.29,18.28875
11322.21,18.33123
11324.14,18.35878
11326.07,18.31803
11328.0,18.44418
11329.93,18.51353
11331.86,18.46302
11333.79,18.42974
11335.71,18.39043
11337.64,18.34706
11339.57,18.35353
11341.5,18.41595
11343.43,18.42202
11345.36,18.36848
11347.28,18.39554
11349.21,18.45476
11351.14,18.48778
11353.07,18.39117
11355.0,18.39626
11356.93,18.36364
11358.86,18.33702
11360.78,18.37691
11362.71,18.43589
11364.64,18.5228
11366.57,18.53103
11368.5,18.52159
11370.43,18.48437
11372.36,18.48059
11374.28,18.47434
11376.21,18.48798
11378.14,18.52986
11380.07,18.52882
11382.0,18.47665
11383.93,18.48132
11385.85,18.59154
11387.78,18.62793
11389.71,18.6325
11391.64,18.62905
11393.57,18.5593
11395.5,18.446
11397.43,18.45689
11399.35,18.50073
11401.28,18.56554
11403.21,18.5575
11405.14,18.58714
11407.07,18.61344
11409.0,18.55541
11410.92,18.49109
11412.85,18.52615
11414.78,18.5494
11416.71,18.57019
11418.64,18.57816
11420.57,18.65685
11422.5,18.70135
11424.42,18.75272
11426.35,18.74002
11428.28,18.7232
11430.21,18.71539
11432.14,18.75595
11434.07,18.76344
11436.0,18.80466
11437.92,18.77941
11439.85,18.71813
11441.78,18.68388
11443.71,18.73983
11445.64,18.75813
11447.57,18.72391
11449.5,18.73298
11451.42,18.77034
11453.35,18.82471
11455.28,18.84325
11457.21,18.81615
11459.14,18.71923
11461.07,18.69258
11462.99,18.75961
11464.92,18.85321
11466.85,18.87173
11468.78,18.7809
11470.71,18.79273
11472.64,18.81382
11474.57,18.80984
11476.49,18.77607
11478.42,18.76957
11480.35,18.80633
11482.28,18.89068
11484.21,18.90364
11486.14,18.73416
11488.07,18.72376
11489.99,18.83347
11491.92,18.82865
11493.85,18.78679
11495.78,18.81491
11497.71,18.81926
11499.64,18.75295
11501.56,18.80773
11503.49,18.77585
11505.42,18.73224
11507.35,18.79209
11509.28,18.8353
11511.21,18.8006
11513.14,18.84852
11515.06,18.82826
11516.99,18.79305
11518.92,18.8531
11520.85,18.91707
11522.78,18.93154
11524.71,18.8697
11526.63,18.88089
11528.56,18.92741
11530.49,18.91354
11532.42,18.93498
11534.35,18.95669
11536.28,18.98776
11538.21,18.92454
11540.13,18.96312
11542.06,18.95324
11543.99,18.94504
11545.92,18.99292
11547.85,19.02975
11549.78,18.98433
11551.71,18.98718
11553.63,18.99852
11555.56,18.93939
11557.49,18.96443
11559.42,19.00855
11561.35,18.99643
11563.28,18.97191
11565.21,18.92455
11567.13,19.02723
11569.06,19.08498
11570.99,19.02312
11572.92,18.94735
11574.85,19.00106
11576.78,19.0108
11578.7,19.06057
11580.63,19.04146
11582.56,19.05479
11584.49,19.02291
11586.42,19.0197
11588.35,19.04065
11590.28,19.06048
11592.2,18.99972
11594.13,18.93539
11596.06,18.95406
11597.99,19.00168
11599.92,19.0896
11601.85,19.17509
11603.78,19.11217
11605.7,19.10063
11607.63,19.17846
11609.56,19.14139
11611.49,19.00876
11613.42,18.94081
11615.35,19.02444
11617.27,19.08294
11619.2,19.04338
11621.13,19.12022
11623.06,19.1585
11624.99,19.1462
11626.92,19.15198
11628.85,19.1848
11630.77,19.1006
11632.7,19.12533
11634.63,19.23362
11636.56,19.17272
11638.49,19.10345
11640.42,19.0619
11642.34,19.07759
11644.27,19.10955
11646.2,19.08725
11648.13,19.08445
11650.06,19.13127
11651.99,19.15721
11653.92,19.11787
11655.84,19.09206
11657.77,19.1671
11659.7,19.14222
11661.63,19.10587
11663.56,19.10992
11665.49,19.06795
11667.42,19.14938
11669.34,19.22116
11671.27,19.19885
11673.2,19.15426
11675.13,19.14471
11677.06,19.22002
11678.99,19.23375
11680.92,19.18183
11682.84,19.19321
11684.77,19.17945
11686.7,19.1857
11688.63,19.12392
11690.56,19.1918
11692.49,19.20715
11694.41,19.14785
11696.34,19.15673
11698.27,19.18216
11700.2,19.17055
11702.13,19.19503
11704.06,19.13011
11705.99,19.07149
11707.91,19.05237
11709.84,19.12473
11711.77,19.13287
11713.7,19.17664
11715.63,19.21189
11717.56,19.23839
11719.48,19.2738
11721.41,19.27644
11723.34,19.20911
11725.27,19.21434
11727.2,19.13572
11729.13,19.09834
11731.06,19.13663
11732.98,19.21478
11734.91,19.31868
11736.84,19.23741
11738.77,19.15537
11740.7,19.22234
11742.63,19.18088
11744.56,19.16239
11746.48,19.22318
11748.41,19.35248
11750.34,19.29932
11752.27,19.17055
11754.2,19.20153
11756.13,19.26627
11758.05,19.34669
11759.98,19.29938
11761.91,19.23119
11763.84,19.28658
11765.77,19.24593
11767.7,19.23105
11769.63,19.34299
11771.55,19.31361
11773.48,19.2636
11775.41,19.30081
11777.34,19.40399
11779.27,19.4633
11781.2,19.3366
11783.13,19.2118
11785.05,19.21182
11786.98,19.29573
11788.91,19.36938
11790.84,19.27861
11792.77,19.2532
11794.7,19.32496
11796.63,19.30182
11798.55,19.21938
11800.48,19.25414
11802.41,19.26945
11804.34,19.21697
11806.27,19.2079
11808.2,19.28407
11810.12,19.29799
11812.05,19.34152
11813.98,19.40826
11815.91,19.39157
11817.84,19.35903
11819.77,19.40767
11821.7,19.36839
11823.62,19.29049
11825.55,19.27295
11827.48,19.31151
11829.41,19.36959
11831.34,19.39154
11833.27,19.34151
11835.19,19.26749
11837.12,19.38123
11839.05,19.45208
11840.98,19.45956
11842.91,19.33064
11844.84,19.3104
11846.77,19.27706
11848.69,19.21546
11850.62,19.22735
11852.55,19.36847
11854.48,19.3801
11856.41,19.22955
11858.34,19.18343
11860.27,19.26136
11862.19,19.24034
11864.12,19.21292
11866.05,19.24612
11867.98,19.27446
11869.91,19.20743
11871.84,19.18375
11873.76,19.21673
11875.69,19.18897
11877.62,19.0881
11879.55,19.15135
11881.48,19.38093
11883.41,19.35951
11885.34,19.26998
11887.26,19.17534
11889.19,19.1443
11891.12,19.18019
11893.05,19.14447
11894.98,19.1773
11896.91,19.31732
11898.83,19.35538
11900.76,19.22592
11902.69,19.08947
11904.62,19.10122
11906.55,19.11645
11908.48,19.11388
11910.41,19.06037
11912.33,19.03448
11914.26,19.15394
11916.19,19.21459
11918.12,19.21467
11920.05,19.30263
11921.98,19.32335
11923.91,19.19374
11925.83,19.06568
11927.76,19.0581
11929.69,19.18166
11931.62,19.28627
11933.55,19.1294
11935.48,19.14332
11937.41,19.15861
11939.33,19.06495
11941.26,19.17774
11943.19,19.1976
11945.12,19.17497
11947.05,19.07187
11948.98,19.08419
11950.9,19.06024
11952.83,19.06729
11954.76,19.11439
11956.69,19.2692
11958.62,19.23413
11960.55,19.12216
11962.48,19.06524
11964.4,19.24494
11966.33,19.31333
11968.26,19.16849
11970.19,19.15031
11972.12,19.17528
11974.05,19.21349
11975.98,19.3264
11977.9,19.27524
11979.83,19.14453
11981.76,19.20391
11983.69,19.13857
11985.62,19.07167
11987.55,19.06114
11989.47,19.13832
11991.4,19.17539
11993.33,19.19664
11995.26,19.25504
11997.19,19.15759
11999.12,19.10684
